NickName,Province,City
万千。,Tyrol,
swifties,江苏,南京
耗君。。👾,黑龙江,鸡西
tremendous,广东,
Sea～middle 😘,广东,广州
Konven_,广东,深圳
无解.exe,广东,佛山
Paradox-铎,广东,潮州
风淡云清,广东,潮州
颖仔,,
zz寒,,
月朗风清,广东,潮州
虐鸡狂魔dragonborn,重庆,江北
蓝维,广东,潮州
哎哟，我去,,
林泽琛,广东,潮州
Monica,广东,广州
契,广东,潮州
lllm,,
Rollson,,
行運超人,广东,江门
六道鹘,广东,阳江
大胖,,
nerl伦,广东,广州
均,广东,广州
:-D小杰,Hannover,
Demon$,广东,韶关
一阴一阳之谓道,广东,潮州
涵锐,广东,潮州
Mananananananana,,
嘿,,
喵🍍,广东,广州
Charles,广东,江门
L嘉明,,
Ouroboros,广东,潮州
一颗糖,Firenze,
Jimmy.T,广东,广州
豆芽仔。,广东,湛江
国航,广东,汕头
勇者不惧,广东,广州
昊,广东,河源
Fighting!,广东,广州
于泽浩,山东,青岛
子也乙。。81 778,广东,潮州
啥,Newfoundland and Labrador,St. Anthony
_DaKim,广东,广州
阿飞บ้าน,广东,广州
Dreamcatcher,广东,广州
LiuYS,广东,东莞
谁可改变,广东,佛山
gsgu,,
你说呢,,
陈植洲,广东,潮州
Cc,广东,佛山
靜-,广东,深圳
蔡泽瀚,广东,潮州
P.L.,广东,潮州
x,广东,广州
最速曲线。,广东,广州
Predator,,
徐泽霖,广东,潮州
拉🌖,广东,惠州
发条张,,
A 🚗🚗13539354239,广东,潮州
宁静,广东,汕头
绿野没有仙踪,广东,
亮,广东,潮州
K、hong,广东,潮州
鹏,,
麗,广东,潮州
本本,广东,广州
"逆流""⭐",广东,广州
阿丽丽呀 🌌,广东,广州
Allennn,,
Mr.Y,广东,梅州
Lincoln,广东,潮州
Levy,广东,广州
肥仔烧鹅🍔,广东,深圳
李洁明,广东,汕头
YYang,广东,潮州
半张废纸,广东,惠州
海,,
New boy,,
海盗的帽子,,
曾阅,广东,中山
Carroll.cecil,,
Quake💥,广东,梅州
s,广东,云浮
M jp,,
✨,,
wanna,广东,汕头
Helen,广东,广州
ccjx,广东,潮州
ZZZF、👈,广东,潮州
慕 · 拾光,广东,潮州
有野,广东,潮州
ハヤテごと,广东,阳江
吴梓曼🍤,广东,潮州
Yrc.,Victoria,Melbourne
insist,广东,潮州
JohnHyun,广东,广州
沈曉銓🇨🇳,广东,潮州
陈子健LAsong,广东,清远
萌萌のCJJ,广东,广州
👁⃢     -👁⃢,广东,潮州
shoulder,广东,广州
广工小沃(16级),广东,广州
陽,广东,汕头
恒万佳,广东,汕头
倪海鑫,广东,潮州
芒果,,
阝东 火 乐 升,广东,潮州
卷毛,广东,潮州
_我很麻烦的,,
随遇而安,广东,汕头
薇信团队,广东,
Bingo,广东,广州
嘎嘎,,
何启明,广东,广州
..,广东,广州
zz练,广东,汕尾
浮生若绮梦,广东,潮州
谢康众,广东,广州
1191253066,广东,潮州
竹君,广东,揭阳
黑妹妹🍓,广东,潮州
Timo,广东,潮州
🌤,广东,揭阳
泽权,广东,汕头
一布,广东,潮州
的晒,广东,梅州
肉〒_〒,广东,汕头
学友,广东,潮州
@李伟明😁,广东,广州
泽er,Paris,
洪玉琪,广东,潮州
Liam,广东,广州
晓航XHQ,广东,茂名
Mining,,
徐增增🌯,,
jax,广东,广州
樂明英Lucine🐳,Paris,
姚建东,广东,潮州
謝榕新,香港,九龙城区
jsjhd,广东,潮州
我要吃烤肉,广东,茂名
你打球的样子像菜xk,North Huvadhu Atoll,
YgR,,
RRw,,
小琳子,,
時生,,
风o萧,广东,东莞
秋雨,,
sheep博,新疆,乌鲁木齐
Prajñā,广东,深圳
梦曦,广东,潮州
一方之源,Auckland,
Zero,广东,广州
肥🤔青,广东,佛山
林文敏,广东,东莞
Jalaine佳琳,广东,深圳
qydyL,广东,佛山
大牛实训丨小助手,,
小沛,广东,汕头
亦,广东,潮州
郑美丽,广东,潮州
Wacky少年Billy B,广东,揭阳
Yang,广东,潮州
Roc,Kowloon City,
my name is,广东,广州
浮,,
哲翰,广东,潮州
cyz💯,Munich,
豆浆🐟,广东,广州
达不六,,
🍣,广东,潮州
💤睡,广东,东莞
尘墨,广东,潮州
Nombre,广东,湛江
南风里,广东,潮州
Li,广东,潮州
WzzzzzW,广东,广州
战忽局小可爱,广东,惠州
chemist,广东,广州
AA车务，服务全国违章,Elista,
✘关绍华,广东,广州
愿你笑口常开,广东,湛江
囧จุ๊บ,广东,潮州
卷毛,,
C博,浙江,金华
老咪御用铲屎大将军,Dublin,
🐑,,
佩奇,广东,潮州
Brad,,
美玲～,广东,潮州
The丶zzZ,广东,惠州
林佳泰,广东,广州
🍏,广东,潮州
Kook.,广东,广州
彬,,
西瓜🍉,广东,潮州
翰,广东,汕头
🐝,广东,佛山
-🐭,Florida,Miami Beach
💤舒恺,广东,潮州
5673,,
鹿先森,重庆,潼南
苏同学要做活神仙,Kaohsiung City,
Huang~汝杭,,
狂奔的粽子,广东,广州
米羊,广东,潮州
Banksy,,
猪哥,浙江,杭州
如我,,
李沛钿,上海,静安
mirrors,广东,潮州
不学完c51做出智能车不改名,Male Atoll,
Dululu,广东,江门
小自鸣曲      ⃢👁-👁⃢　,,
何先生,广东,揭阳
东平东平与你同行,广东,广州
钟沛,广东,潮州
曾宗彦LeoZ,广东,湛江
李軼之邦🧣,香港,九龙城区
让,广东,湛江
Wh～杰🔆,广东,惠州
O,,
Libert,广东,广州
DrowsyMary,Kyoto-fu,Kyoto
flamez,,
牧马人,New South Wales,Sydney
陈为,广东,潮州
宅,广东,深圳
苑菲,广东,潮州
报歌,,
世锬,广东,潮州
陈奕,广东,深圳
Yoga,,
💞小精灵👭,Jeju-do,Jeju City
ᴡsʏs,Hokkaido,Asahikawa-shi
30,广东,广州
📦,广东,广州
袁漂亮,Saitama-ken,Others
Silhouette_,广东,汕头
李伟俊,广东,广州
ZZZZZZZZKAI,广东,潮州
M地,England,Plymouth
Bomb,广东,惠州
坚来也,广东,梅州
Howie,广东,广州
下里白雪,广东,中山
犬,Norrbottens,
คิดถึงNGS,广东,茂名
白云边,广东,韶关
小小,,
BENEDICT,广东,江门
Mango,Roma,
K.,广东,潮州
梓彬,Ohio,Cleveland
Wannabe🍃,Kahraman?Maras,
爱月之阳,黑龙江,哈尔滨
巴拉拉能量,,
A美肤.化妆师💛宜蓉,广东,潮州
Venus ❇,广东,潮州
Chlorine🐰,,
郑萱,广东,广州
%Siu,广东,茂名
绍锋,广东,
恒万佳（哈利）,广东,汕头
Linda,广东,潮州
陈澈🤡,广东,潮州
站起来说话_,广东,珠海
原生态、领跑,广东,潮州
24-8,广东,潮州
丙醇,,
许旭城,广东,潮州
January,广东,东莞
H,广东,广州
你爸爸,广东,潮州
是薇薇阿ིྀ〰    🌸,福建,厦门
小太烊,广东,湛江
李锐颖,广东,深圳
Biu Biu,,
Sacily,广东,汕头
Yumeie,广东,潮州
